GEN_BUS,PG,QG,QMAX,QMIN,VG,MBASE,GEN_STATUS,PMAX,PMIN,PC1,PC2,QC1MIN,QC1MAX,QC2MIN,QC2MAX,RAMP_AGC,RAMP_10,RAMP_30,RAMP_Q,APF
1,232.393272,-16.5493005,10,0,1.06,100,1,332.4,0,0,0,0,0,0,0,0,0,0,0,0
2,40,43.5571001,50,-40,1.045,100,1,140,0,0,0,0,0,0,0,0,0,0,0,0
3,0,25.0753485,40,0,1.01,100,1,100,0,0,0,0,0,0,0,0,0,0,0,0
6,0,12.7309444,24,-6,1.07,100,1,100,0,0,0,0,0,0,0,0,0,0,0,0
8,0,17.6234514,24,-6,1.09,100,1,100,0,0,0,0,0,0,0,0,0,0,0,0
