GEN_BUS,PG,QG,QMAX,QMIN,VG,MBASE,GEN_STATUS,PMAX,PMIN,PC1,PC2,QC1MIN,QC1MAX,QC2MIN,QC2MAX,RAMP_AGC,RAMP_10,RAMP_30,RAMP_Q,APF,MU_PMAX,MU_PMIN,MU_QMAX,MU_QMIN
1,220.967694,-16.9,10,0,1.06,100,1,332.4,0,0,0,0,0,0,0,0,0,0,0,0,0,0,0,0
2,38.0323054,42.4,50,-40,1.045,100,1,140,0,0,0,0,0,0,0,0,0,0,0,0,0,0,0,0
3,6.70643358e-08,23.4,40,0,1.01,100,1,100,0,0,0,0,0,0,0,0,0,0,0,0,0,0.983847299,0,0
6,6.70643358e-08,12.2,24,-6,1.07,100,1,100,0,0,0,0,0,0,0,0,0,0,0,0,0,0.983847299,0,0
8,6.70643358e-08,17.4,24,-6,1.09,100,1,100,0,0,0,0,0,0,0,0,0,0,0,0,0,0.983847299,0,0
