GEN_BUS,PG,QG,QMAX,QMIN,VG,MBASE,GEN_STATUS,PMAX,PMIN,PC1,PC2,QC1MIN,QC1MAX,QC2MIN,QC2MAX,RAMP_AGC,RAMP_10,RAMP_30,RAMP_Q,APF,MU_PMAX,MU_PMIN,MU_QMAX,MU_QMIN
1,194.330168,0.000832407479,10,0,1.05999987,100,1,332.4,0,0,0,0,0,0,0,0,0,0,0,0,0,0,0,0.0938845166
2,36.7191622,23.6850383,50,-40,1.04075277,100,1,140,0,0,0,0,0,0,0,0,0,0,0,0,0,0,0,0
3,28.7426233,24.126861,40,0,1.01562475,100,1,100,0,0,0,0,0,0,0,0,0,0,0,0,0,0,0,0
6,0.000316155959,11.5454666,24,-6,1.05999861,100,1,100,0,0,0,0,0,0,0,0,0,0,0,0,0,0.266313617,0,0
8,8.49493812,8.27298531,24,-6,1.05999891,100,1,100,0,0,0,0,0,0,0,0,0,0,0,0,0,0,0,0
